<?xml version="1.0"?>
<pagescount>
	<html_total>1</html_total>
	<html_done>1</html_done>
	<images>21</images>
	<script>11</script>
	<css>7</css>
	<pdf/>
	<documents/>
	<excel/>
	<powerpoint/>
	<flash/>
	<audios/>
	<videos/>
	<xml/>
	<json/>
	<txt/>
	<autocad/>
	<fonts>9</fonts>
	<scraping_reload>1</scraping_reload>
	<is_pretty_url>false</is_pretty_url>
	<is_ebn>false</is_ebn>
	<email>kurrxdstore@gmail.com</email>
	<theme_name>WmdTheme525161</theme_name>
	<server_url_front_page>https://www6.waybackmachinedownloader.com/wdo/files/demo/ridhostore.me_kurrxdstore_gmail.com_y6bqm1hfz9/</server_url_front_page>
	<no_www_url>ridhostore.me</no_www_url>
	<hosted_domain/>
	<original_archive_url>http://ridhostore.me/</original_archive_url>
	<final_archive_url>http://ridhostore.me/</final_archive_url>
	<front_page_code_date/>
	<total_urls_from_api/>
	<max_reached_live>false</max_reached_live>
	<scrape_other_captures>false</scrape_other_captures>
	<total_size>5644</total_size>
</pagescount>
